{
  "Ceyone Marketing Pvt Ltd, Greater Bengaluru Area": {
    "lat": 0,
    "lng": 0
  },
  "Infosys, Bangalore Urban, Karnataka, India": {
    "lat": 12.9066772,
    "lng": 77.5772586
  },
  "Giga, Bengaluru, Karnataka, India": {
    "lat": 13.0026153,
    "lng": 77.5500273
  },
  "Infosys, Bengaluru, Karnataka, India": {
    "lat": 12.9156611,
    "lng": 77.599461
  },
  "Acceldata, Bengaluru, Karnataka, India": {
    "lat": 0,
    "lng": 0
  },
  "LinkedIn, Bengaluru, Karnataka, India": {
    "lat": 12.9272566,
    "lng": 77.6828027
  },
  "Reliance Retail, Bangalore Urban, Karnataka, India": {
    "lat": 12.9888396,
    "lng": 77.5928928
  },
  "Xylem, Bengaluru, Karnataka, India": {
    "lat": 12.9945188,
    "lng": 77.7016985
  },
  "Wipro, Bengaluru, Karnataka, India": {
    "lat": 12.9283934,
    "lng": 77.6328917
  },
  "Quince, Bengaluru, Karnataka, India": {
    "lat": 0,
    "lng": 0
  },
  "Amazon, Bengaluru, Karnataka, India": {
    "lat": 13.120648,
    "lng": 77.6114683
  },
  "A.P. Moller - Maersk, Bengaluru, Karnataka, India": {
    "lat": 0,
    "lng": 0
  },
  "Walmart Global Tech India, Bengaluru, Karnataka, India": {
    "lat": 0,
    "lng": 0
  },
  "Fermi AI, Bengaluru, Karnataka, India": {
    "lat": 0,
    "lng": 0
  },
  "CSC, Bengaluru, Karnataka, India": {
    "lat": 12.9691577,
    "lng": 77.6473281
  },
  "eBay, Bengaluru, Karnataka, India": {
    "lat": 12.9299432,
    "lng": 77.6868588
  },
  "Infosys, Bengaluru East, Karnataka, India": {
    "lat": 12.8461795,
    "lng": 77.6776437
  },
  "Roku, Bengaluru, Karnataka, India": {
    "lat": 0,
    "lng": 0
  },
  "TELUS Digital, Bengaluru, Karnataka, India": {
    "lat": 0,
    "lng": 0
  },
  "Goldcast, Bengaluru, Karnataka, India": {
    "lat": 0,
    "lng": 0
  },
  "Tesco Technology, Bengaluru, Karnataka, India": {
    "lat": 0,
    "lng": 0
  },
  "Cargill, Bengaluru, Karnataka, India": {
    "lat": 13.1068089,
    "lng": 77.577749
  },
  "Tesco Bengaluru, Bengaluru, Karnataka, India": {
    "lat": 12.9736991,
    "lng": 77.7285752
  },
  "Toast, Bengaluru, Karnataka, India": {
    "lat": 12.9333868,
    "lng": 77.6223524
  },
  "LSEG, Bengaluru, Karnataka, India": {
    "lat": 12.9936892,
    "lng": 77.6605061
  },
  "Microsoft, Bengaluru, Karnataka, India": {
    "lat": 12.9216236,
    "lng": 77.6688299
  },
  "Trendlyne.com, Bengaluru, Karnataka, India": {
    "lat": 0,
    "lng": 0
  },
  "Meta, Bengaluru, Karnataka, India": {
    "lat": 12.9965148,
    "lng": 77.5426506
  },
  "Google, Bengaluru, Karnataka, India": {
    "lat": 12.982827,
    "lng": 77.6917293
  },
  "Myntra, Bengaluru, Karnataka, India": {
    "lat": 12.9437544,
    "lng": 77.6987618
  },
  "Learneo, Bengaluru, Karnataka, India": {
    "lat": 0,
    "lng": 0
  },
  "American Express, Bengaluru South, Karnataka, India": {
    "lat": 12.9376679,
    "lng": 77.6283031
  },
  "Gushwork, Bengaluru, Karnataka, India": {
    "lat": 0,
    "lng": 0
  },
  "Cashfree Payments, Bengaluru, Karnataka, India": {
    "lat": 12.9274249,
    "lng": 77.6329362
  },
  "QuillBot, Bengaluru, Karnataka, India": {
    "lat": 0,
    "lng": 0
  },
  "Electrolux Group, Bengaluru East, Karnataka, India": {
    "lat": 0,
    "lng": 0
  },
  "Remitly, Bengaluru, Karnataka, India": {
    "lat": 0,
    "lng": 0
  },
  "Cisco, Bengaluru, Karnataka, India": {
    "lat": 12.9740345,
    "lng": 77.6174204
  },
  "IBM, Bengaluru East, Karnataka, India": {
    "lat": 12.9532206,
    "lng": 77.6432232
  },
  "AdMax Local, Bengaluru, Karnataka, India": {
    "lat": 0,
    "lng": 0
  },
  "Uber, Bengaluru, Karnataka, India": {
    "lat": 12.9185763,
    "lng": 77.6707864
  },
  "Unisys, Bengaluru East, Karnataka, India": {
    "lat": 12.9006953,
    "lng": 77.7038587
  }
}